day,date_et,url,decision
20220126,2022-01-26 14:00,https://www.federalreserve.gov/newsevents/pressreleases/monetary20220126a.htm,+0bp
20220316,2022-03-16 14:00,https://www.federalreserve.gov/newsevents/pressreleases/monetary20220316a.htm,+25bp
20220504,2022-05-04 14:00,https://www.federalreserve.gov/newsevents/pressreleases/monetary20220504a.htm,+50bp
20220615,2022-06-15 14:00,https://www.federalreserve.gov/newsevents/pressreleases/monetary20220615a.htm,+75bp
20220727,2022-07-27 14:00,https://www.federalreserve.gov/newsevents/pressreleases/monetary20220727a.htm,+75bp
20220921,2022-09-21 14:00,https://www.federalreserve.gov/newsevents/pressreleases/monetary20220921a.htm,+75bp
20221102,2022-11-02 14:00,https://www.federalreserve.gov/newsevents/pressreleases/monetary20221102a.htm,+75bp
20221214,2022-12-14 14:00,https://www.federalreserve.gov/newsevents/pressreleases/monetary20221214a.htm,+50bp
20230201,2023-02-01 14:00,https://www.federalreserve.gov/newsevents/pressreleases/monetary20230201a.htm,+25bp
20230322,2023-03-22 14:00,https://www.federalreserve.gov/newsevents/pressreleases/monetary20230322a.htm,+25bp
20230503,2023-05-03 14:00,https://www.federalreserve.gov/newsevents/pressreleases/monetary20230503a.htm,+25bp
20230614,2023-06-14 14:00,https://www.federalreserve.gov/newsevents/pressreleases/monetary20230614a.htm,+0bp
20230726,2023-07-26 14:00,https://www.federalreserve.gov/newsevents/pressreleases/monetary20230726a.htm,+25bp
20230920,2023-09-20 14:00,https://www.federalreserve.gov/newsevents/pressreleases/monetary20230920a.htm,+0bp
20231101,2023-11-01 14:00,https://www.federalreserve.gov/newsevents/pressreleases/monetary20231101a.htm,+0bp
20231213,2023-12-13 14:00,https://www.federalreserve.gov/newsevents/pressreleases/monetary20231213a.htm,+0bp
20240131,2024-01-31 14:00,https://www.federalreserve.gov/newsevents/pressreleases/monetary20240131a.htm,+0bp
20240320,2024-03-20 14:00,https://www.federalreserve.gov/newsevents/pressreleases/monetary20240320a.htm,+0bp
20240501,2024-05-01 14:00,https://www.federalreserve.gov/newsevents/pressreleases/monetary20240501a.htm,+0bp
20240612,2024-06-12 14:00,https://www.federalreserve.gov/newsevents/pressreleases/monetary20240612a.htm,+0bp
20240731,2024-07-31 14:00,https://www.federalreserve.gov/newsevents/pressreleases/monetary20240731a.htm,+0bp
20240918,2024-09-18 14:00,https://www.federalreserve.gov/newsevents/pressreleases/monetary20240918a.htm,-50bp
20241107,2024-11-07 14:00,https://www.federalreserve.gov/newsevents/pressreleases/monetary20241107a.htm,-25bp
20241218,2024-12-18 14:00,https://www.federalreserve.gov/newsevents/pressreleases/monetary20241218a.htm,-25bp
20250129,2025-01-29 14:00,https://www.federalreserve.gov/newsevents/pressreleases/monetary20250129a.htm,+0bp
20250319,2025-03-19 14:00,https://www.federalreserve.gov/newsevents/pressreleases/monetary20250319a.htm,+0bp
20250507,2025-05-07 14:00,https://www.federalreserve.gov/newsevents/pressreleases/monetary20250507a.htm,+0bp
20250618,2025-06-18 14:00,https://www.federalreserve.gov/newsevents/pressreleases/monetary20250618a.htm,+0bp
20250730,2025-07-30 14:00,https://www.federalreserve.gov/newsevents/pressreleases/monetary20250730a.htm,+0bp
20250917,2025-09-17 14:00,https://www.federalreserve.gov/newsevents/pressreleases/monetary20250917a.htm,-25bp
20251029,2025-10-29 14:00,https://www.federalreserve.gov/newsevents/pressreleases/monetary20251029a.htm,-25bp
20251210,2025-12-10 14:00,https://www.federalreserve.gov/newsevents/pressreleases/monetary20251210a.htm,-25bp
20260128,2026-01-28 14:00,https://www.federalreserve.gov/newsevents/pressreleases/monetary20260128a.htm,+0bp
