date,event_type,contract,pre_close,post_close,reaction_nq_pts,reaction_nq_pct
2025-01-15 08:30,CPI,front,20954.00,20934.75,-19.25,-0.0919
2025-02-12 08:30,CPI,front,21783.75,21800.50,16.75,0.0769
2025-03-12 08:30,CPI,front,19416.25,19474.50,58.25,0.3000
2025-04-10 08:30,CPI,front,19034.00,18898.50,-135.50,-0.7119
2025-05-13 08:30,CPI,front,20856.50,20847.00,-9.50,-0.0455
2025-06-11 08:30,CPI,front,21900.50,21928.75,28.25,0.1290
2025-07-15 08:30,CPI,front,23138.00,23161.25,23.25,0.1005
2025-08-12 08:30,CPI,front,23663.75,23666.00,2.25,0.0095
2025-09-11 08:30,CPI,front,23911.50,23931.50,20.00,0.0836
2025-10-24 08:30,CPI,front,25346.50,25337.25,-9.25,-0.0365
