date,event_type,consensus,actual,market_implied,market_implied_T10YIE,fred_ref_date,surprise,surprise_T10YIE,surprise_consensus,reaction_nq,reaction_nq_pct,reaction_rate,flag_ambigu,actual_yoy,surprise_yoy
2025-01-15 08:30,CPI,0.3,0.4,2.55,2.44,2025-01-14,-2.15,-2.04,0.1,-19.25,-0.0919,,NA_no_ZT,2.9,0.35
2025-02-12 08:30,CPI,0.3,0.5,2.64,2.46,2025-02-11,-2.14,-1.96,0.2,16.75,0.0769,,NA_no_ZT,3.0,0.36
2025-03-12 08:30,CPI,0.3,0.2,2.5,2.31,2025-03-11,-2.3,-2.11,-0.1,58.25,0.3,,NA_no_ZT,2.8,0.3
2025-04-10 08:30,CPI,0.1,-0.1,2.45,2.27,2025-04-09,-2.55,-2.37,-0.2,-135.5,-0.7119,,NA_no_ZT,2.4,-0.05
2025-05-13 08:30,CPI,0.2,0.2,2.35,2.29,2025-05-12,-2.15,-2.09,0.0,-9.5,-0.0455,,NA_no_ZT,2.3,-0.05
2025-06-11 08:30,CPI,0.2,0.1,2.32,2.29,2025-06-10,-2.22,-2.19,-0.1,28.25,0.129,,NA_no_ZT,2.4,0.08
2025-07-15 08:30,CPI,0.3,0.3,2.45,2.39,2025-07-14,-2.15,-2.09,0.0,23.25,0.1005,,NA_no_ZT,2.7,0.25
2025-08-12 08:30,CPI,0.2,0.2,2.46,2.4,2025-08-11,-2.26,-2.2,0.0,2.25,0.0095,,NA_no_ZT,2.7,0.24
2025-09-11 08:30,CPI,0.3,0.4,2.41,2.35,2025-09-10,-2.01,-1.95,0.1,20.0,0.0836,,NA_no_ZT,2.9,0.49
2025-10-24 08:30,CPI,0.4,0.3,2.42,2.3,2025-10-23,-2.12,-2.0,-0.1,-9.25,-0.0365,,NA_no_ZT,3.0,0.58
